Date,Emp Id,Emp Name,Card No.,First Swipe,Last Swipe,Swiped Hours,NIOHours,Total Hrs.,NIO,Leave,Remarks,,
1/7/2019,M1051358,SUNPRITSINGH BAL,7190,10:44:54 AM,8:55:44 PM,10:10,0:00,10.1,No,No,Monday,,10:10
2/7/2019,M1051358,SUNPRITSINGH BAL,7190,10:45:52 AM,6:36:32 PM,7:50,0:00,7.5,No,No,Tuesday,,7:50
3/7/2019,M1051358,SUNPRITSINGH BAL,7190,10:50:24 AM,6:38:42 PM,7:48,0:00,7.48,No,No,Wednesday,,7:48
4/7/2019,M1051358,SUNPRITSINGH BAL,7190,11:00:04 AM,7:34:00 PM,8:33,0:00,8.33,No,No,Thursday,,8:33
5/7/2019,M1051358,SUNPRITSINGH BAL,7190,11:16:42 AM,6:32:40 PM,7:15,0:00,7.15,No,No,Friday,,7:15
6/7/2019,M1051358,SUNPRITSINGH BAL,7190,,,,0:00,0,No,No,Saturday,,0:00
7/7/2019,M1051358,SUNPRITSINGH BAL,7190,,,,0:00,0,No,No,Sunday,,0:00
8/7/2019,M1051358,SUNPRITSINGH BAL,7190,10:26:40 AM,7:03:08 PM,8:36,0:00,8.36,No,No,Monday,,8:36
9/7/2019,M1051358,SUNPRITSINGH BAL,7190,10:27:06 AM,8:40:16 PM,10:13,0:00,10.13,No,No,Tuesday,,10:13
10/7/2019,M1051358,SUNPRITSINGH BAL,7190,10:50:16 AM,4:10:10 PM,5:19,5:08,10.27,Remote Support - Client,No,Wednesday,,10:27
11/7/2019,M1051358,SUNPRITSINGH BAL,7190,,,,9:30,9.3,Remote Support - Client,No,Thursday,,9:30
12/7/2019,M1051358,SUNPRITSINGH BAL,7190,10:50:56 AM,7:38:50 PM,8:47,0:00,8.47,No,No,Friday,,8:47
13/07/19,M1051358,SUNPRITSINGH BAL,7190,,,,3:00,3,Remote Support - Client,No,Saturday,,3:00
14/07/19,M1051358,SUNPRITSINGH BAL,7190,,,,2:00,2,Remote Support - Client,No,Sunday,,2:00
15/07/19,M1051358,SUNPRITSINGH BAL,7190,10:45:54 AM,6:42:04 PM,7:56,0:00,7.56,No,No,Monday,,7:56
16/07/19,M1051358,SUNPRITSINGH BAL,7190,10:36:02 AM,8:22:52 PM,9:46,0:00,9.46,No,No,Tuesday,,9:46
17/07/19,M1051358,SUNPRITSINGH BAL,7190,10:51:38 AM,8:10:42 PM,9:19,0:00,9.19,No,No,Wednesday,,9:19
18/07/19,M1051358,SUNPRITSINGH BAL,7190,10:29:08 AM,7:25:10 PM,8:56,0:00,8.56,No,No,Thursday,,8:56
19/07/19,M1051358,SUNPRITSINGH BAL,7190,10:58:42 AM,7:55:30 PM,8:56,0:00,8.56,No,No,Friday,,8:56
20/07/19,M1051358,SUNPRITSINGH BAL,7190,,,,0:00,0,No,No,Saturday,,0:00
21/07/19,M1051358,SUNPRITSINGH BAL,7190,,,,0:00,0,No,No,Sunday,,0:00
22/07/19,M1051358,SUNPRITSINGH BAL,7190,10:37:56 AM,8:40:16 PM,10:02,0:00,10.02,No,No,Monday,,10:02
23/07/19,M1051358,SUNPRITSINGH BAL,7190,10:47:34 AM,8:19:36 PM,9:32,0:00,9.32,No,No,Tuesday,,9:32
24/07/19,M1051358,SUNPRITSINGH BAL,7190,,,,0:00,0,Working From Home,No,Wednesday,,
25/07/19,M1051358,SUNPRITSINGH BAL,7190,10:45:22 AM,8:52:52 PM,10:07,0:00,10.07,No,No,Thursday,,10:07
26/07/19,M1051358,SUNPRITSINGH BAL,7190,9:53:06 AM,7:33:22 PM,9:40,0:00,9.4,No,No,Friday,,9:40
27/07/19,M1051358,SUNPRITSINGH BAL,7190,,,,0:00,0,No,No,Saturday,,0:00
28/07/19,M1051358,SUNPRITSINGH BAL,7190,,,,0:00,0,No,No,Sunday,,0:00
29/07/19,M1051358,SUNPRITSINGH BAL,7190,10:57:48 AM,7:41:32 PM,8:43,0:00,8.43,No,No,Monday,,8:43
30/07/19,M1051358,SUNPRITSINGH BAL,7190,10:44:52 AM,8:28:36 PM,9:43,0:00,9.43,No,No,Tuesday,,9:43
31/07/19,M1051358,SUNPRITSINGH BAL,7190,11:29:50 AM,7:22:30 PM,7:52,0:00,7.52,No,No,Wednesday,,7:52
