﻿Employee Name,Date of Shortfall,Shortfall Hours,Efficiency Loss
,text,,
SUNPRITSINGH BAL,2/7/2019,1.25,14.2857142857143%
SUNPRITSINGH BAL,3/7/2019,1.27,14.5142857142857%
SUNPRITSINGH BAL,4/7/2019,0.42,4.8%
SUNPRITSINGH BAL,5/7/2019,1.6,18.2857142857143%
SUNPRITSINGH BAL,8/7/2019,0.390000000000001,4.45714285714286%
SUNPRITSINGH BAL,12/7/2019,0.279999999999999,3.19999999999999%
SUNPRITSINGH BAL,15/07/19,1.19,13.6%
SUNPRITSINGH BAL,18/07/19,0.19,2.17142857142857%
SUNPRITSINGH BAL,19/07/19,0.19,2.17142857142857%
SUNPRITSINGH BAL,29/07/19,0.32,3.65714285714286%
SUNPRITSINGH BAL,31/07/19,1.23,14.0571428571429%
